<?xml version="1.0" encoding="UTF-8"?>
<project-private xmlns="http://www.netbeans.org/ns/project-private/1">
    <editor-bookmarks xmlns="http://www.netbeans.org/ns/editor-bookmarks/2" lastBookmarkId="0"/>
    <open-files xmlns="http://www.netbeans.org/ns/projectui-open-files/2">
        <group>
            <file>file:/C:/Users/Krisper%20Jane/Desktop/ENTJAVA-Project/ENTJAVA_PROJECT/ENTJAVA_PROJECT/web/1%20_%20A%20Brief%20History%20of%20Time.html</file>
            <file>file:/C:/Users/Krisper%20Jane/Desktop/ENTJAVA-Project/ENTJAVA_PROJECT/ENTJAVA_PROJECT/nbproject/build-impl.xml</file>
        </group>
    </open-files>
</project-private>
